,Discharge Date,value,y_pred
0,2015-01-15,36.0,
1,2015-01-16,39.0,
2,2015-01-17,37.0,
3,2015-01-18,50.0,
4,2015-01-19,52.0,
5,2015-01-20,40.0,
6,2015-01-21,42.0,
7,2015-01-22,49.0,
8,2015-01-23,45.0,
9,2015-01-24,59.0,
10,2015-01-25,64.0,
11,2015-01-26,62.0,
12,2015-01-27,63.0,
13,2015-01-28,54.0,
14,2015-01-29,65.0,
15,2015-01-30,75.0,
16,2015-01-31,83.0,
17,2015-02-01,72.0,
18,2015-02-02,70.0,
19,2015-02-03,86.0,
20,2015-02-04,87.0,
21,2015-02-05,67.0,
22,2015-02-06,75.0,
23,2015-02-07,76.0,
24,2015-02-08,75.0,
25,2015-02-09,83.0,
26,2015-02-10,70.0,
27,2015-02-11,76.0,
28,2015-02-12,71.0,
29,2015-02-13,93.0,
30,2015-02-14,75.0,
31,2015-02-15,84.0,
32,2015-02-16,87.0,
33,2015-02-17,93.0,
34,2015-02-18,80.0,
35,2015-02-19,84.0,
36,2015-02-20,83.0,
37,2015-02-21,76.0,
38,2015-02-22,72.0,
39,2015-02-23,76.0,
40,2015-02-24,67.0,
41,2015-02-25,93.0,
42,2015-02-26,85.0,
43,2015-02-27,91.0,
44,2015-02-28,81.0,
45,2015-03-01,90.0,
46,2015-03-02,81.0,
47,2015-03-03,85.0,
48,2015-03-04,95.0,
49,2015-03-05,79.0,
50,2015-03-06,84.0,
51,2015-03-07,85.0,
52,2015-03-08,99.0,
53,2015-03-09,100.0,
54,2015-03-10,90.0,
55,2015-03-11,82.0,
56,2015-03-12,100.0,
57,2015-03-13,108.0,
58,2015-03-14,97.0,
59,2015-03-15,101.0,
60,2015-03-16,97.0,
61,2015-03-17,118.0,
62,2015-03-18,96.0,
63,2015-03-19,109.0,
64,2015-03-20,105.0,
65,2015-03-21,111.0,
66,2015-03-22,120.0,
67,2015-03-23,118.0,
68,2015-03-24,108.0,
69,2015-03-25,104.0,
70,2015-03-26,126.0,
71,2015-03-27,123.0,
72,2015-03-28,107.0,
73,2015-03-29,129.0,
74,2015-03-30,114.0,
75,2015-03-31,121.0,
76,2015-04-01,135.0,
77,2015-04-02,122.0,
78,2015-04-03,126.0,
79,2015-04-04,127.0,
80,2015-04-05,106.0,
81,2015-04-06,104.0,
82,2015-04-07,116.0,
83,2015-04-08,129.0,
84,2015-04-09,114.0,
85,2015-04-10,119.0,
86,2015-04-11,135.0,
87,2015-04-12,130.0,
88,2015-04-13,114.0,
89,2015-04-14,112.0,
90,2015-04-15,121.0,
91,2015-04-16,135.0,
92,2015-04-17,101.0,
93,2015-04-18,119.0,
94,2015-04-19,111.0,
95,2015-04-20,110.0,
96,2015-04-21,118.0,
97,2015-04-22,121.0,
98,2015-04-23,116.0,
99,2015-04-24,128.0,
100,2015-04-25,133.0,
101,2015-04-26,123.0,
102,2015-04-27,126.0,
103,2015-04-28,122.0,
104,2015-04-29,111.0,
105,2015-04-30,129.0,
106,2015-05-01,110.0,
107,2015-05-02,119.0,
108,2015-05-03,105.0,
109,2015-05-04,109.0,
110,2015-05-05,112.0,
111,2015-05-06,107.0,
112,2015-05-07,102.0,
113,2015-05-08,92.0,
114,2015-05-09,138.0,
115,2015-05-10,112.0,
116,2015-05-11,120.0,
117,2015-05-12,128.0,
118,2015-05-13,115.0,
119,2015-05-14,115.0,
120,2015-05-15,114.0,
121,2015-05-16,127.0,
122,2015-05-17,111.0,
123,2015-05-18,116.0,
124,2015-05-19,127.0,
125,2015-05-20,102.0,
126,2015-05-21,106.0,
127,2015-05-22,98.0,
128,2015-05-23,108.0,
129,2015-05-24,139.0,
130,2015-05-25,111.0,
131,2015-05-26,105.0,
132,2015-05-27,112.0,
133,2015-05-28,124.0,
134,2015-05-29,118.0,
135,2015-05-30,118.0,
136,2015-05-31,106.0,
137,2015-06-01,96.0,
138,2015-06-02,107.0,
139,2015-06-03,114.0,
140,2015-06-04,92.0,
141,2015-06-05,113.0,
142,2015-06-06,99.0,
143,2015-06-07,107.0,
144,2015-06-08,106.0,
145,2015-06-09,119.0,
146,2015-06-10,84.0,
147,2015-06-11,106.0,
148,2015-06-12,109.0,
149,2015-06-13,119.0,
150,2015-06-14,90.0,
151,2015-06-15,98.0,
152,2015-06-16,103.0,
153,2015-06-17,117.0,
154,2015-06-18,104.0,
155,2015-06-19,116.0,
156,2015-06-20,105.0,
157,2015-06-21,97.0,
158,2015-06-22,100.0,
159,2015-06-23,107.0,
160,2015-06-24,91.0,
161,2015-06-25,111.0,
162,2015-06-26,134.0,
163,2015-06-27,104.0,
164,2015-06-28,121.0,
165,2015-06-29,118.0,
166,2015-06-30,113.0,
167,2015-07-01,115.0,
168,2015-07-02,93.0,
169,2015-07-03,107.0,
170,2015-07-04,103.0,
171,2015-07-05,114.0,
172,2015-07-06,97.0,
173,2015-07-07,102.0,
174,2015-07-08,118.0,
175,2015-07-09,108.0,
176,2015-07-10,84.0,
177,2015-07-11,91.0,
178,2015-07-12,93.0,
179,2015-07-13,88.0,
180,2015-07-14,81.0,
181,2015-07-15,78.0,
182,2015-07-16,66.0,
183,2015-07-17,78.0,
184,2015-07-18,88.0,
185,2015-07-19,76.0,
186,2015-07-20,61.0,
187,2015-07-21,69.0,
188,2015-07-22,76.0,
189,2015-07-23,86.0,
190,2015-07-24,58.0,
191,2015-07-25,59.0,
192,2015-07-26,65.0,
193,2015-07-27,72.0,
194,2015-07-28,63.0,
195,2015-07-29,56.0,
196,2015-07-30,65.0,
197,2015-07-31,43.0,
198,2015-08-01,55.0,
199,2015-08-02,57.0,
200,2015-08-03,46.0,
201,2015-08-04,52.0,
202,2015-08-05,58.0,
203,2015-08-06,34.0,
204,2015-08-07,43.0,
205,2015-08-08,51.0,
206,2015-08-09,40.0,
207,2015-08-10,54.0,
208,2015-08-11,42.0,
209,2015-08-12,40.0,
210,2015-08-13,38.0,
211,2015-08-14,39.0,
212,2015-08-15,40.0,
213,2015-08-16,40.0,
214,2015-08-17,43.0,
215,2015-08-18,36.0,
216,2015-08-19,37.0,
217,2015-08-20,33.0,
218,2015-08-21,21.0,
219,2015-08-22,28.0,
220,2015-08-23,32.0,
221,2015-08-24,29.0,
222,2015-08-25,32.0,
223,2015-08-26,33.0,
224,2015-08-27,29.0,
225,2015-08-28,29.0,
226,2015-08-29,26.0,
227,2015-08-30,28.0,
228,2015-08-31,34.0,
229,2015-09-01,24.0,
230,2015-09-02,37.0,
231,2015-09-03,26.0,
232,2015-09-04,23.0,
233,2015-09-05,26.0,
234,2015-09-06,24.0,
235,2015-09-07,22.0,
236,2015-09-08,26.0,
237,2015-09-09,24.0,
238,2015-09-10,19.0,
239,2015-09-11,19.0,
240,2015-09-12,20.0,
241,2015-09-13,19.0,
242,2015-09-14,18.0,
243,2015-09-15,17.0,
244,2015-09-16,14.0,
245,2015-09-17,25.0,
246,2015-09-18,12.0,
247,2015-09-19,16.0,
248,2015-09-20,14.0,
249,2015-09-21,12.0,
250,2015-09-22,11.0,
251,2015-09-23,7.0,
252,2015-09-24,10.0,
253,2015-09-25,16.0,
254,2015-09-26,10.0,
255,2015-09-27,8.0,
256,2015-09-28,6.0,
257,2015-09-29,11.0,
258,2015-09-30,8.0,
259,2015-10-01,12.0,
260,2015-10-02,11.0,
261,2015-10-03,15.0,
262,2015-10-04,7.0,
263,2015-10-05,5.0,
264,2015-10-06,8.0,
265,2015-10-07,6.0,
266,2015-10-08,7.0,
267,2015-10-09,6.0,
268,2015-10-10,12.0,
269,2015-10-11,6.0,
270,2015-10-12,2.0,
271,2015-10-13,5.0,
272,2015-10-15,3.0,
273,2015-10-16,9.0,
274,2015-10-17,6.0,
275,2015-10-18,3.0,
276,2015-10-19,3.0,
277,2015-10-20,2.0,
278,2015-10-22,4.0,
279,2015-10-23,1.0,
280,2015-10-25,1.0,
281,2015-10-27,1.0,
282,2015-11-03,1.0,
283,2015-11-04,1.0,
284,2015-11-05,2.0,
285,2015-11-06,3.0,
286,2015-11-07,5.0,
287,2015-11-08,4.0,
288,2015-11-09,2.0,
289,2015-11-10,2.0,
290,2015-11-11,1.0,
291,2015-11-12,6.0,
292,2015-11-13,3.0,
293,2015-11-14,7.0,
294,2015-11-15,5.0,
295,2015-11-16,2.0,
296,2015-11-17,3.0,
297,2015-11-18,5.0,
298,2015-11-19,8.0,
299,2015-11-20,4.0,
300,2015-11-21,8.0,
301,2015-11-22,3.0,
302,2015-11-23,5.0,
303,2015-11-24,8.0,
304,2015-11-25,8.0,
305,2015-11-26,8.0,
306,2015-11-27,6.0,
307,2015-11-28,10.0,
308,2015-11-29,9.0,
309,2015-11-30,7.0,
310,2015-12-01,12.0,
311,2015-12-02,10.0,
312,2015-12-03,11.0,
313,2015-12-04,8.0,
314,2015-12-05,8.0,
315,2015-12-06,12.0,
316,2015-12-07,17.0,
317,2015-12-08,19.0,
318,2015-12-09,15.0,
319,2015-12-10,17.0,
320,2015-12-11,17.0,
321,2015-12-12,24.0,
322,2015-12-13,22.0,
323,2015-12-14,14.0,
324,2015-12-15,15.0,
325,2015-12-16,29.0,
326,2015-12-17,34.0,
327,2015-12-18,16.0,
328,2015-12-19,22.0,
329,2015-12-20,24.0,
330,2015-12-21,30.0,
331,2015-12-22,20.0,
332,2015-12-23,37.0,
333,2015-12-24,40.0,
334,2015-12-25,31.0,
335,2015-12-26,31.0,
336,2015-12-27,31.0,
337,2015-12-28,33.0,
338,2015-12-29,32.0,
339,2015-12-30,29.0,
340,2015-12-31,32.0,
341,2016-01-01,34.0,
342,2016-01-02,46.0,
343,2016-01-03,46.0,
344,2016-01-04,44.0,
345,2016-01-05,47.0,
346,2016-01-06,58.0,
347,2016-01-07,40.0,
348,2016-01-08,49.0,
349,2016-01-09,68.0,
350,2016-01-10,75.0,
351,2016-01-11,70.0,
352,2016-01-12,76.0,
353,2016-01-13,87.0,
354,2016-01-14,76.0,
355,2016-01-15,73.0,
356,2016-01-16,92.0,
357,2016-01-17,83.0,
358,2016-01-18,101.0,
359,2016-01-19,90.0,
360,2016-01-20,90.0,
361,2016-01-21,96.0,
362,2016-01-22,115.0,
363,2016-01-23,94.0,
364,2016-01-24,110.0,
365,2016-01-25,105.0,
366,2016-01-26,119.0,
367,2016-01-27,121.0,
368,2016-01-28,156.0,
369,2016-01-29,137.0,
370,2016-01-30,138.0,
371,2016-01-31,134.0,
372,2016-02-01,162.0,
373,2016-02-02,142.0,
374,2016-02-03,152.0,
375,2016-02-04,145.0,
376,2016-02-05,156.0,
377,2016-02-06,135.0,
378,2016-02-07,136.0,
379,2016-02-08,156.0,
380,2016-02-09,130.0,
381,2016-02-10,135.0,
382,2016-02-11,151.0,
383,2016-02-12,121.0,
384,2016-02-13,170.0,
385,2016-02-14,148.0,
386,2016-02-15,155.0,
387,2016-02-16,186.0,
388,2016-02-17,170.0,
389,2016-02-18,146.0,
390,2016-02-19,164.0,
391,2016-02-20,152.0,
392,2016-02-21,153.0,
393,2016-02-22,151.0,
394,2016-02-23,158.0,
395,2016-02-24,151.0,
396,2016-02-25,163.0,
397,2016-02-26,180.0,
398,2016-02-27,168.0,
399,2016-02-28,165.0,
400,2016-02-29,157.0,
401,2016-03-01,160.0,
402,2016-03-02,173.0,
403,2016-03-03,165.0,
404,2016-03-04,198.0,
405,2016-03-05,166.0,
406,2016-03-06,185.0,
407,2016-03-07,172.0,
408,2016-03-08,193.0,
409,2016-03-09,185.0,
410,2016-03-10,170.0,
411,2016-03-11,197.0,
412,2016-03-12,212.0,
413,2016-03-13,200.0,
414,2016-03-14,229.0,
415,2016-03-15,219.0,
416,2016-03-16,205.0,
417,2016-03-17,220.0,
418,2016-03-18,207.0,
419,2016-03-19,229.0,
420,2016-03-20,215.0,
421,2016-03-21,219.0,
422,2016-03-22,219.0,
423,2016-03-23,218.0,
424,2016-03-24,213.0,
425,2016-03-25,220.0,
426,2016-03-26,245.0,
427,2016-03-27,216.0,
428,2016-03-28,221.0,
429,2016-03-29,265.0,
430,2016-03-30,261.0,
431,2016-03-31,236.0,
432,2016-04-01,257.0,
433,2016-04-02,228.0,
434,2016-04-03,227.0,
435,2016-04-04,247.0,
436,2016-04-05,272.0,
437,2016-04-06,243.0,
438,2016-04-07,246.0,
439,2016-04-08,248.0,
440,2016-04-09,256.0,
441,2016-04-10,248.0,
442,2016-04-11,223.0,
443,2016-04-12,241.0,
444,2016-04-13,236.0,
445,2016-04-14,244.0,
446,2016-04-15,233.0,
447,2016-04-16,224.0,
448,2016-04-17,264.0,
449,2016-04-18,221.0,
450,2016-04-19,218.0,
451,2016-04-20,241.0,
452,2016-04-21,258.0,
453,2016-04-22,239.0,
454,2016-04-23,213.0,
455,2016-04-24,218.0,
456,2016-04-25,212.0,
457,2016-04-26,239.0,
458,2016-04-27,231.0,
459,2016-04-28,230.0,
460,2016-04-29,228.0,
461,2016-04-30,233.0,
462,2016-05-01,227.0,
463,2016-05-02,244.0,
464,2016-05-03,225.0,
465,2016-05-04,220.0,
466,2016-05-05,208.0,
467,2016-05-06,222.0,
468,2016-05-07,228.0,
469,2016-05-08,229.0,
470,2016-05-09,242.0,
471,2016-05-10,226.0,
472,2016-05-11,262.0,
473,2016-05-12,223.0,
474,2016-05-13,246.0,
475,2016-05-14,221.0,
476,2016-05-15,214.0,
477,2016-05-16,204.0,
478,2016-05-17,215.0,
479,2016-05-18,237.0,
480,2016-05-19,249.0,
481,2016-05-20,212.0,
482,2016-05-21,249.0,
483,2016-05-22,241.0,
484,2016-05-23,245.0,
485,2016-05-24,236.0,
486,2016-05-25,214.0,
487,2016-05-26,207.0,
488,2016-05-27,202.0,
489,2016-05-28,228.0,
490,2016-05-29,215.0,
491,2016-05-30,205.0,
492,2016-05-31,210.0,
493,2016-06-01,217.0,
494,2016-06-02,212.0,
495,2016-06-03,218.0,
496,2016-06-04,200.0,
497,2016-06-05,207.0,
498,2016-06-06,202.0,
499,2016-06-07,180.0,
500,2016-06-08,220.0,
501,2016-06-09,225.0,
502,2016-06-10,230.0,
503,2016-06-11,229.0,
504,2016-06-12,210.0,
505,2016-06-13,195.0,
506,2016-06-14,229.0,
507,2016-06-15,220.0,
508,2016-06-16,231.0,
509,2016-06-17,198.0,
510,2016-06-18,241.0,
511,2016-06-19,230.0,
512,2016-06-20,214.0,
513,2016-06-21,231.0,
514,2016-06-22,215.0,
515,2016-06-23,191.0,
516,2016-06-24,237.0,
517,2016-06-25,230.0,
518,2016-06-26,215.0,
519,2016-06-27,216.0,
520,2016-06-28,244.0,
521,2016-06-29,225.0,
522,2016-06-30,241.0,
523,2016-07-01,220.0,
524,2016-07-02,200.0,
525,2016-07-03,227.0,
526,2016-07-04,207.0,
527,2016-07-05,199.0,
528,2016-07-06,220.0,
529,2016-07-07,182.0,
530,2016-07-08,202.0,
531,2016-07-09,196.0,
532,2016-07-10,197.0,
533,2016-07-11,165.0,
534,2016-07-12,183.0,
535,2016-07-13,167.0,
536,2016-07-14,167.0,
537,2016-07-15,169.0,
538,2016-07-16,140.0,
539,2016-07-17,156.0,
540,2016-07-18,156.0,
541,2016-07-19,150.0,
542,2016-07-20,156.0,
543,2016-07-21,155.0,
544,2016-07-22,142.0,
545,2016-07-23,131.0,
546,2016-07-24,126.0,
547,2016-07-25,126.0,
548,2016-07-26,142.0,
549,2016-07-27,103.0,
550,2016-07-28,110.0,
551,2016-07-29,115.0,
552,2016-07-30,105.0,
553,2016-07-31,102.0,
554,2016-08-01,102.0,
555,2016-08-02,104.0,
556,2016-08-03,121.0,
557,2016-08-04,119.0,
558,2016-08-05,96.0,
559,2016-08-06,102.0,
560,2016-08-07,95.0,
561,2016-08-08,87.0,
562,2016-08-09,73.0,
563,2016-08-10,83.0,
564,2016-08-11,102.0,
565,2016-08-12,81.0,
566,2016-08-13,84.0,
567,2016-08-14,76.0,
568,2016-08-15,102.0,
569,2016-08-16,83.0,
570,2016-08-17,67.0,
571,2016-08-18,73.0,
572,2016-08-19,56.0,
573,2016-08-20,77.0,
574,2016-08-21,54.0,
575,2016-08-22,80.0,
576,2016-08-23,55.0,
577,2016-08-24,72.0,
578,2016-08-25,73.0,
579,2016-08-26,61.0,
580,2016-08-27,71.0,
581,2016-08-28,56.0,
582,2016-08-29,55.0,
583,2016-08-30,51.0,
584,2016-08-31,63.0,
585,2016-09-01,58.0,
586,2016-09-02,47.0,
587,2016-09-03,36.0,
588,2016-09-04,50.0,
589,2016-09-05,48.0,
590,2016-09-06,47.0,
591,2016-09-07,44.0,
592,2016-09-08,34.0,
593,2016-09-09,40.0,
594,2016-09-10,44.0,
595,2016-09-11,49.0,
596,2016-09-12,35.0,
597,2016-09-13,27.0,
598,2016-09-14,27.0,
599,2016-09-15,32.0,
600,2016-09-16,37.0,
601,2016-09-17,44.0,
602,2016-09-18,19.0,
603,2016-09-19,36.0,
604,2016-09-20,31.0,
605,2016-09-21,41.0,
606,2016-09-22,31.0,
607,2016-09-23,24.0,
608,2016-09-24,20.0,
609,2016-09-25,22.0,
610,2016-09-26,32.0,
611,2016-09-27,18.0,
612,2016-09-28,14.0,
613,2016-09-29,18.0,
614,2016-09-30,14.0,
615,2016-10-01,14.0,
616,2016-10-02,14.0,
617,2016-10-03,6.0,
618,2016-10-04,15.0,
619,2016-10-05,18.0,
620,2016-10-06,10.0,
621,2016-10-07,16.0,
622,2016-10-08,18.0,
623,2016-10-09,10.0,
624,2016-10-10,21.0,
625,2016-10-11,10.0,
626,2016-10-12,12.0,
627,2016-10-13,11.0,
628,2016-10-14,8.0,
629,2016-10-15,4.0,
630,2016-10-16,10.0,
631,2016-10-17,3.0,
632,2016-10-18,8.0,
633,2016-10-19,8.0,
634,2016-10-20,10.0,
635,2016-10-21,5.0,
636,2016-10-22,7.0,
637,2016-10-23,3.0,
638,2016-10-24,3.0,
639,2016-10-25,5.0,
640,2016-10-26,1.0,
641,2016-10-27,2.0,
642,2016-10-28,1.0,
643,2016-10-29,2.0,
644,2016-11-04,2.0,
645,2016-11-05,1.0,
646,2016-11-06,2.0,
647,2016-11-07,3.0,
648,2016-11-08,4.0,
649,2016-11-09,7.0,
650,2016-11-10,5.0,
651,2016-11-11,3.0,
652,2016-11-12,2.0,
653,2016-11-13,10.0,
654,2016-11-14,5.0,
655,2016-11-15,10.0,
656,2016-11-16,13.0,
657,2016-11-17,10.0,
658,2016-11-18,8.0,
659,2016-11-19,7.0,
660,2016-11-20,8.0,
661,2016-11-21,9.0,
662,2016-11-22,13.0,
663,2016-11-23,12.0,
664,2016-11-24,12.0,
665,2016-11-25,13.0,
666,2016-11-26,21.0,
667,2016-11-27,20.0,
668,2016-11-28,26.0,
669,2016-11-29,14.0,
670,2016-11-30,17.0,
671,2016-12-01,16.0,
672,2016-12-02,27.0,
673,2016-12-03,17.0,
674,2016-12-04,29.0,
675,2016-12-05,29.0,
676,2016-12-06,25.0,
677,2016-12-07,38.0,
678,2016-12-08,39.0,
679,2016-12-09,37.0,
680,2016-12-10,26.0,
681,2016-12-11,35.0,
682,2016-12-12,38.0,
683,2016-12-13,26.0,
684,2016-12-14,36.0,
685,2016-12-15,54.0,
686,2016-12-16,51.0,
687,2016-12-17,51.0,
688,2016-12-18,46.0,
689,2016-12-19,56.0,
690,2016-12-20,41.0,
691,2016-12-21,47.0,
692,2016-12-22,49.0,
693,2016-12-23,65.0,
694,2016-12-24,66.0,
695,2016-12-25,69.0,
696,2016-12-26,72.0,
697,2016-12-27,67.0,
698,2016-12-28,79.0,
699,2016-12-29,62.0,
700,2016-12-30,67.0,
701,2016-12-31,63.0,
702,2017-01-01,55.0,
703,2017-01-02,70.0,
704,2017-01-03,70.0,
705,2017-01-04,86.0,
706,2017-01-05,75.0,
707,2017-01-06,95.0,
708,2017-01-07,99.0,
709,2017-01-08,87.0,
710,2017-01-09,108.0,
711,2017-01-10,107.0,
712,2017-01-11,102.0,
713,2017-01-12,126.0,
714,2017-01-13,126.0,
715,2017-01-14,123.0,
716,2017-01-15,134.0,
717,2017-01-16,150.0,
718,2017-01-17,129.0,
719,2017-01-18,169.0,
720,2017-01-19,155.0,
721,2017-01-20,135.0,
722,2017-01-21,157.0,
723,2017-01-22,166.0,
724,2017-01-23,184.0,
725,2017-01-24,185.0,
726,2017-01-25,207.0,
727,2017-01-26,169.0,
728,2017-01-27,195.0,
729,2017-01-28,189.0,
730,2017-01-29,188.0,
731,2017-01-30,233.0,
732,2017-01-31,213.0,
733,2017-02-01,211.0,
734,2017-02-02,180.0,
735,2017-02-03,207.0,
736,2017-02-04,225.0,
737,2017-02-05,213.0,
738,2017-02-06,233.0,
739,2017-02-07,228.0,
740,2017-02-08,228.0,
741,2017-02-09,222.0,
742,2017-02-10,233.0,
743,2017-02-11,218.0,
744,2017-02-12,236.0,
745,2017-02-13,251.0,
746,2017-02-14,218.0,
747,2017-02-15,247.0,
748,2017-02-16,246.0,
749,2017-02-17,259.0,
750,2017-02-18,216.0,
751,2017-02-19,263.0,
752,2017-02-20,243.0,
753,2017-02-21,258.0,
754,2017-02-22,249.0,
755,2017-02-23,244.0,
756,2017-02-24,249.0,
757,2017-02-25,217.0,
758,2017-02-26,240.0,
759,2017-02-27,257.0,
760,2017-02-28,278.0,
761,2017-03-01,272.0,
762,2017-03-02,268.0,
763,2017-03-03,263.0,
764,2017-03-04,286.0,
765,2017-03-05,251.0,
766,2017-03-06,283.0,
767,2017-03-07,269.0,
768,2017-03-08,297.0,
769,2017-03-09,326.0,
770,2017-03-10,302.0,
771,2017-03-11,289.0,
772,2017-03-12,277.0,
773,2017-03-13,316.0,
774,2017-03-14,304.0,
775,2017-03-15,302.0,
776,2017-03-16,321.0,
777,2017-03-17,320.0,
778,2017-03-18,298.0,
779,2017-03-19,327.0,
780,2017-03-20,325.0,
781,2017-03-21,343.0,
782,2017-03-22,335.0,
783,2017-03-23,322.0,
784,2017-03-24,339.0,
785,2017-03-25,305.0,
786,2017-03-26,344.0,
787,2017-03-27,339.0,
788,2017-03-28,388.0,
789,2017-03-29,314.0,
790,2017-03-30,355.0,
791,2017-03-31,385.0,
792,2017-04-01,366.0,
793,2017-04-02,362.0,
794,2017-04-03,368.0,
795,2017-04-04,346.0,
796,2017-04-05,341.0,
797,2017-04-06,368.0,
798,2017-04-07,344.0,
799,2017-04-08,333.0,
800,2017-04-09,396.0,
801,2017-04-10,330.0,
802,2017-04-11,420.0,
803,2017-04-12,341.0,
804,2017-04-13,330.0,
805,2017-04-14,361.0,
806,2017-04-15,335.0,
807,2017-04-16,356.0,
808,2017-04-17,314.0,
809,2017-04-18,358.0,
810,2017-04-19,345.0,
811,2017-04-20,360.0,
812,2017-04-21,338.0,
813,2017-04-22,376.0,
814,2017-04-23,363.0,
815,2017-04-24,353.0,
816,2017-04-25,347.0,
817,2017-04-26,360.0,
818,2017-04-27,362.0,
819,2017-04-28,368.0,
820,2017-04-29,349.0,
821,2017-04-30,374.0,
822,2017-05-01,381.0,
823,2017-05-02,377.0,
824,2017-05-03,318.0,
825,2017-05-04,364.0,
826,2017-05-05,362.0,
827,2017-05-06,367.0,
828,2017-05-07,370.0,
829,2017-05-08,327.0,
830,2017-05-09,352.0,
831,2017-05-10,319.0,
832,2017-05-11,353.0,
833,2017-05-12,331.0,
834,2017-05-13,364.0,
835,2017-05-14,380.0,
836,2017-05-15,338.0,
837,2017-05-16,335.0,
838,2017-05-17,338.0,
839,2017-05-18,301.0,
840,2017-05-19,319.0,
841,2017-05-20,329.0,
842,2017-05-21,329.0,
843,2017-05-22,330.0,
844,2017-05-23,316.0,
845,2017-05-24,306.0,
846,2017-05-25,332.0,
847,2017-05-26,340.0,
848,2017-05-27,326.0,
849,2017-05-28,305.0,
850,2017-05-29,311.0,
851,2017-05-30,313.0,
852,2017-05-31,326.0,
853,2017-06-01,314.0,
854,2017-06-02,323.0,
855,2017-06-03,337.0,
856,2017-06-04,388.0,
857,2017-06-05,344.0,
858,2017-06-06,334.0,
859,2017-06-07,291.0,
860,2017-06-08,328.0,
861,2017-06-09,304.0,
862,2017-06-10,310.0,
863,2017-06-11,323.0,
864,2017-06-12,336.0,
865,2017-06-13,335.0,
866,2017-06-14,325.0,
867,2017-06-15,299.0,
868,2017-06-16,348.0,
869,2017-06-17,331.0,
870,2017-06-18,317.0,
871,2017-06-19,337.0,
872,2017-06-20,314.0,
873,2017-06-21,321.0,
874,2017-06-22,335.0,
875,2017-06-23,329.0,
876,2017-06-24,358.0,
877,2017-06-25,349.0,
878,2017-06-26,335.0,
879,2017-06-27,332.0,
880,2017-06-28,327.0,
881,2017-06-29,339.0,
882,2017-06-30,326.0,
883,2017-07-01,336.0,
884,2017-07-02,346.0,
885,2017-07-03,308.0,
886,2017-07-04,314.0,
887,2017-07-05,308.0,
888,2017-07-06,317.0,
889,2017-07-07,288.0,
890,2017-07-08,273.0,
891,2017-07-09,263.0,
892,2017-07-10,271.0,
893,2017-07-11,266.0,
894,2017-07-12,276.0,
895,2017-07-13,258.0,
896,2017-07-14,261.0,
897,2017-07-15,252.0,
898,2017-07-16,237.0,
899,2017-07-17,244.0,
900,2017-07-18,254.0,
901,2017-07-19,208.0,
902,2017-07-20,194.0,
903,2017-07-21,204.0,
904,2017-07-22,219.0,
905,2017-07-23,189.0,
906,2017-07-24,195.0,
907,2017-07-25,220.0,
908,2017-07-26,200.0,
909,2017-07-27,194.0,
910,2017-07-28,204.0,
911,2017-07-29,176.0,
912,2017-07-30,157.0,
913,2017-07-31,158.0,
914,2017-08-01,140.0,
915,2017-08-02,163.0,
916,2017-08-03,150.0,
917,2017-08-04,153.0,
918,2017-08-05,161.0,
919,2017-08-06,146.0,
920,2017-08-07,141.0,
921,2017-08-08,132.0,
922,2017-08-09,136.0,
923,2017-08-10,138.0,
924,2017-08-11,115.0,
925,2017-08-12,151.0,
926,2017-08-13,122.0,
927,2017-08-14,129.0,
928,2017-08-15,102.0,
929,2017-08-16,132.0,
930,2017-08-17,94.0,
931,2017-08-18,111.0,
932,2017-08-19,100.0,
933,2017-08-20,95.0,
934,2017-08-21,100.0,
935,2017-08-22,92.0,
936,2017-08-23,99.0,
937,2017-08-24,87.0,
938,2017-08-25,98.0,
939,2017-08-26,90.0,
940,2017-08-27,95.0,
941,2017-08-28,86.0,
942,2017-08-29,103.0,
943,2017-08-30,100.0,
944,2017-08-31,84.0,
945,2017-09-01,68.0,
946,2017-09-02,75.0,
947,2017-09-03,74.0,
948,2017-09-04,65.0,
949,2017-09-05,78.0,
950,2017-09-06,69.0,
951,2017-09-07,70.0,
952,2017-09-08,60.0,
953,2017-09-09,74.0,
954,2017-09-10,70.0,
955,2017-09-11,52.0,
956,2017-09-12,60.0,
957,2017-09-13,64.0,
958,2017-09-14,49.0,
959,2017-09-15,61.0,
960,2017-09-16,59.0,
961,2017-09-17,40.0,
962,2017-09-18,41.0,
963,2017-09-19,48.0,
964,2017-09-20,47.0,
965,2017-09-21,49.0,
966,2017-09-22,36.0,
967,2017-09-23,35.0,
968,2017-09-24,41.0,
969,2017-09-25,34.0,
970,2017-09-26,42.0,
971,2017-09-27,34.0,
972,2017-09-28,26.0,
973,2017-09-29,23.0,
974,2017-09-30,23.0,
975,2017-10-01,26.0,
976,2017-10-02,16.0,
977,2017-10-03,20.0,
978,2017-10-04,25.0,
979,2017-10-05,21.0,
980,2017-10-06,22.0,
981,2017-10-07,16.0,
982,2017-10-08,18.0,
983,2017-10-09,19.0,
984,2017-10-10,14.0,
985,2017-10-11,15.0,
986,2017-10-12,18.0,
987,2017-10-13,16.0,
988,2017-10-14,12.0,
989,2017-10-15,21.0,
990,2017-10-16,15.0,
991,2017-10-17,8.0,
992,2017-10-18,14.0,
993,2017-10-19,8.0,
994,2017-10-20,16.0,
995,2017-10-21,8.0,
996,2017-10-22,9.0,
997,2017-10-23,5.0,
998,2017-10-24,4.0,
999,2017-10-25,8.0,
1000,2017-10-26,4.0,
1001,2017-10-27,5.0,
1002,2017-10-28,1.0,
1003,2017-10-29,1.0,
1004,2017-10-30,1.0,
1005,2017-11-02,1.0,
1006,2017-11-03,2.0,
1007,2017-11-04,2.0,
1008,2017-11-05,4.0,
1009,2017-11-06,4.0,
1010,2017-11-07,4.0,
1011,2017-11-08,12.0,
1012,2017-11-09,4.0,
1013,2017-11-10,11.0,
1014,2017-11-11,3.0,
1015,2017-11-12,4.0,
1016,2017-11-13,10.0,
1017,2017-11-14,11.0,
1018,2017-11-15,4.0,
1019,2017-11-16,16.0,
1020,2017-11-17,14.0,
1021,2017-11-18,15.0,
1022,2017-11-19,18.0,
1023,2017-11-20,22.0,
1024,2017-11-21,18.0,
1025,2017-11-22,17.0,
1026,2017-11-23,30.0,
1027,2017-11-24,15.0,
1028,2017-11-25,22.0,
1029,2017-11-26,19.0,
1030,2017-11-27,25.0,
1031,2017-11-28,20.0,
1032,2017-11-29,29.0,
1033,2017-11-30,24.0,
1034,2017-12-01,32.0,
1035,2017-12-02,28.0,
1036,2017-12-03,19.0,
1037,2017-12-04,36.0,
1038,2017-12-05,38.0,
1039,2017-12-06,36.0,
1040,2017-12-07,51.0,
1041,2017-12-08,37.0,
1042,2017-12-09,61.0,
1043,2017-12-10,56.0,
1044,2017-12-11,64.0,
1045,2017-12-12,69.0,
1046,2017-12-13,66.0,
1047,2017-12-14,60.0,
1048,2017-12-15,74.0,
1049,2017-12-16,74.0,
1050,2017-12-17,66.0,
1051,2017-12-18,76.0,
1052,2017-12-19,72.0,
1053,2017-12-20,89.0,
1054,2017-12-21,83.0,
1055,2017-12-22,96.0,
1056,2017-12-23,79.0,
1057,2017-12-24,91.0,
1058,2017-12-25,97.0,
1059,2017-12-26,116.0,
1060,2017-12-27,104.0,
1061,2017-12-28,96.0,
1062,2017-12-29,101.0,
1063,2017-12-30,93.0,
1064,2017-12-31,117.0,
1065,2018-01-01,111.0,
1066,2018-01-02,91.0,
1067,2018-01-03,105.0,
1068,2018-01-04,121.0,
1069,2018-01-05,117.0,
1070,2018-01-06,132.0,
1071,2018-01-07,149.0,
1072,2018-01-08,140.0,
1073,2018-01-09,148.0,
1074,2018-01-10,133.0,
1075,2018-01-11,168.0,
1076,2018-01-12,141.0,
1077,2018-01-13,164.0,
1078,2018-01-14,183.0,
1079,2018-01-15,191.0,
1080,2018-01-16,172.0,
1081,2018-01-17,238.0,
1082,2018-01-18,183.0,
1083,2018-01-19,212.0,
1084,2018-01-20,193.0,
1085,2018-01-21,212.0,
1086,2018-01-22,250.0,
1087,2018-01-23,200.0,
1088,2018-01-24,233.0,
1089,2018-01-25,248.0,
1090,2018-01-26,239.0,
1091,2018-01-27,257.0,
1092,2018-01-28,259.0,
1093,2018-01-29,228.0,
1094,2018-01-30,256.0,
1095,2018-01-31,294.0,
1096,2018-02-01,261.0,
1097,2018-02-02,298.0,
1098,2018-02-03,258.0,
1099,2018-02-04,284.0,
1100,2018-02-05,280.0,
1101,2018-02-06,294.0,
1102,2018-02-07,282.0,
1103,2018-02-08,317.0,
1104,2018-02-09,330.0,
1105,2018-02-10,337.0,
1106,2018-02-11,322.0,
1107,2018-02-12,310.0,
1108,2018-02-13,318.0,
1109,2018-02-14,317.0,
1110,2018-02-15,271.0,
1111,2018-02-16,309.0,
1112,2018-02-17,311.0,
1113,2018-02-18,297.0,
1114,2018-02-19,299.0,
1115,2018-02-20,320.0,
1116,2018-02-21,330.0,
1117,2018-02-22,323.0,
1118,2018-02-23,330.0,
1119,2018-02-24,333.0,
1120,2018-02-25,383.0,
1121,2018-02-26,323.0,
1122,2018-02-27,349.0,
1123,2018-02-28,351.0,
1124,2018-03-01,355.0,
1125,2018-03-02,356.0,
1126,2018-03-03,363.0,
1127,2018-03-04,383.0,
1128,2018-03-05,390.0,
1129,2018-03-06,377.0,
1130,2018-03-07,400.0,
1131,2018-03-08,371.0,
1132,2018-03-09,398.0,
1133,2018-03-10,401.0,
1134,2018-03-11,376.0,
1135,2018-03-12,424.0,
1136,2018-03-13,404.0,
1137,2018-03-14,383.0,
1138,2018-03-15,390.0,
1139,2018-03-16,414.0,
1140,2018-03-17,453.0,
1141,2018-03-18,420.0,
1142,2018-03-19,407.0,
1143,2018-03-20,416.0,
1144,2018-03-21,485.0,
1145,2018-03-22,409.0,
1146,2018-03-23,438.0,
1147,2018-03-24,416.0,
1148,2018-03-25,448.0,
1149,2018-03-26,502.0,
1150,2018-03-27,458.0,
1151,2018-03-28,493.0,
1152,2018-03-29,451.0,
1153,2018-03-30,460.0,
1154,2018-03-31,505.0,
1155,2018-04-01,560.0,
1156,2018-04-02,494.0,
1157,2018-04-03,477.0,
1158,2018-04-04,506.0,
1159,2018-04-05,466.0,
1160,2018-04-06,474.0,
1161,2018-04-07,486.0,
1162,2018-04-08,456.0,
1163,2018-04-09,458.0,
1164,2018-04-10,457.0,
1165,2018-04-11,485.0,
1166,2018-04-12,465.0,
1167,2018-04-13,460.0,
1168,2018-04-14,468.0,
1169,2018-04-15,487.0,
1170,2018-04-16,473.0,
1171,2018-04-17,483.0,
1172,2018-04-18,483.0,
1173,2018-04-19,519.0,
1174,2018-04-20,472.0,
1175,2018-04-21,462.0,
1176,2018-04-22,471.0,
1177,2018-04-23,476.0,
1178,2018-04-24,461.0,
1179,2018-04-25,456.0,
1180,2018-04-26,512.0,
1181,2018-04-27,474.0,
1182,2018-04-28,456.0,
1183,2018-04-29,463.0,
1184,2018-04-30,480.0,
1185,2018-05-01,445.0,
1186,2018-05-02,470.0,
1187,2018-05-03,483.0,
1188,2018-05-04,490.0,
1189,2018-05-05,464.0,
1190,2018-05-06,473.0,
1191,2018-05-07,470.0,
1192,2018-05-08,471.0,
1193,2018-05-09,430.0,
1194,2018-05-10,453.0,
1195,2018-05-11,447.0,
1196,2018-05-12,432.0,
1197,2018-05-13,435.0,
1198,2018-05-14,438.0,
1199,2018-05-15,433.0,
1200,2018-05-16,421.0,
1201,2018-05-17,492.0,
1202,2018-05-18,445.0,
1203,2018-05-19,466.0,
1204,2018-05-20,477.0,
1205,2018-05-21,439.0,
1206,2018-05-22,448.0,
1207,2018-05-23,454.0,
1208,2018-05-24,450.0,
1209,2018-05-25,418.0,
1210,2018-05-26,455.0,
1211,2018-05-27,416.0,
1212,2018-05-28,423.0,
1213,2018-05-29,407.0,
1214,2018-05-30,434.0,
1215,2018-05-31,442.0,
1216,2018-06-01,472.0,
1217,2018-06-02,412.0,
1218,2018-06-03,450.0,
1219,2018-06-04,410.0,
1220,2018-06-05,390.0,
1221,2018-06-06,435.0,
1222,2018-06-07,425.0,
1223,2018-06-08,396.0,
1224,2018-06-09,488.0,
1225,2018-06-10,460.0,
1226,2018-06-11,453.0,
1227,2018-06-12,417.0,
1228,2018-06-13,484.0,
1229,2018-06-14,397.0,
1230,2018-06-15,466.0,
1231,2018-06-16,443.0,
1232,2018-06-17,398.0,
1233,2018-06-18,413.0,
1234,2018-06-19,429.0,
1235,2018-06-20,454.0,
1236,2018-06-21,441.0,
1237,2018-06-22,421.0,
1238,2018-06-23,447.0,
1239,2018-06-24,430.0,
1240,2018-06-25,457.0,
1241,2018-06-26,465.0,
1242,2018-06-27,451.0,
1243,2018-06-28,475.0,
1244,2018-06-29,456.0,
1245,2018-06-30,427.0,
1246,2018-07-01,465.0,
1247,2018-07-02,414.0,
1248,2018-07-03,440.0,
1249,2018-07-04,416.0,
1250,2018-07-05,434.0,
1251,2018-07-06,406.0,
1252,2018-07-07,416.0,
1253,2018-07-08,396.0,
1254,2018-07-09,363.0,
1255,2018-07-10,360.0,
1256,2018-07-11,373.0,
1257,2018-07-12,342.0,
1258,2018-07-13,345.0,
1259,2018-07-14,322.0,
1260,2018-07-15,320.0,
1261,2018-07-16,350.0,
1262,2018-07-17,297.0,
1263,2018-07-18,279.0,
1264,2018-07-19,295.0,
1265,2018-07-20,300.0,
1266,2018-07-21,280.0,
1267,2018-07-22,279.0,
1268,2018-07-23,281.0,
1269,2018-07-24,253.0,
1270,2018-07-25,278.0,
1271,2018-07-26,236.0,
1272,2018-07-27,236.0,
1273,2018-07-28,243.0,
1274,2018-07-29,249.0,
1275,2018-07-30,218.0,
1276,2018-07-31,185.0,
1277,2018-08-01,220.0,
1278,2018-08-02,213.0,
1279,2018-08-03,209.0,
1280,2018-08-04,223.0,
1281,2018-08-05,186.0,
1282,2018-08-06,194.0,
1283,2018-08-07,202.0,
1284,2018-08-08,162.0,
1285,2018-08-09,161.0,
1286,2018-08-10,159.0,
1287,2018-08-11,200.0,
1288,2018-08-12,172.0,
1289,2018-08-13,158.0,
1290,2018-08-14,149.0,
1291,2018-08-15,161.0,
1292,2018-08-16,147.0,
1293,2018-08-17,148.0,
1294,2018-08-18,146.0,
1295,2018-08-19,148.0,
1296,2018-08-20,146.0,
1297,2018-08-21,136.0,
1298,2018-08-22,149.0,
1299,2018-08-23,120.0,
1300,2018-08-24,120.0,
1301,2018-08-25,124.0,
1302,2018-08-26,119.0,
1303,2018-08-27,129.0,
1304,2018-08-28,113.0,
1305,2018-08-29,124.0,
1306,2018-08-30,102.0,
1307,2018-08-31,78.0,
1308,2018-09-01,115.0,
1309,2018-09-02,97.0,
1310,2018-09-03,122.0,
1311,2018-09-04,114.0,
1312,2018-09-05,83.0,
1313,2018-09-06,87.0,
1314,2018-09-07,81.0,
1315,2018-09-08,86.0,
1316,2018-09-09,102.0,
1317,2018-09-10,88.0,
1318,2018-09-11,76.0,
1319,2018-09-12,82.0,
1320,2018-09-13,73.0,
1321,2018-09-14,70.0,
1322,2018-09-15,69.0,
1323,2018-09-16,73.0,
1324,2018-09-17,51.0,
1325,2018-09-18,69.0,
1326,2018-09-19,63.0,
1327,2018-09-20,67.0,
1328,2018-09-21,47.0,
1329,2018-09-22,51.0,
1330,2018-09-23,61.0,
1331,2018-09-24,41.0,
1332,2018-09-25,45.0,
1333,2018-09-26,41.0,
1334,2018-09-27,39.0,
1335,2018-09-28,34.0,
1336,2018-09-29,44.0,
1337,2018-09-30,41.0,
1338,2018-10-01,34.0,
1339,2018-10-02,33.0,
1340,2018-10-03,22.0,
1341,2018-10-04,30.0,
1342,2018-10-05,27.0,
1343,2018-10-06,27.0,
1344,2018-10-07,34.0,
1345,2018-10-08,33.0,
1346,2018-10-09,20.0,
1347,2018-10-10,30.0,
1348,2018-10-11,29.0,
1349,2018-10-12,27.0,
1350,2018-10-13,22.0,
1351,2018-10-14,20.0,
1352,2018-10-15,21.0,
1353,2018-10-16,14.0,
1354,2018-10-17,15.0,
1355,2018-10-18,17.0,
1356,2018-10-19,10.0,
1357,2018-10-20,15.0,
1358,2018-10-21,6.0,
1359,2018-10-22,7.0,
1360,2018-10-23,11.0,
1361,2018-10-24,10.0,
1362,2018-10-25,8.0,
1363,2018-10-26,5.0,
1364,2018-10-27,4.0,
1365,2018-10-28,3.0,
1366,2018-10-29,4.0,
1367,2018-10-30,2.0,
1368,2018-11-02,1.0,
1369,2018-11-04,2.0,
1370,2018-11-05,3.0,
1371,2018-11-06,8.0,
1372,2018-11-07,3.0,
1373,2018-11-08,10.0,
1374,2018-11-09,7.0,
1375,2018-11-10,14.0,
1376,2018-11-11,10.0,
1377,2018-11-12,7.0,
1378,2018-11-13,13.0,
1379,2018-11-14,8.0,
1380,2018-11-15,17.0,
1381,2018-11-16,13.0,
1382,2018-11-17,28.0,
1383,2018-11-18,20.0,
1384,2018-11-19,22.0,
1385,2018-11-20,21.0,
1386,2018-11-21,22.0,
1387,2018-11-22,31.0,
1388,2018-11-23,26.0,
1389,2018-11-24,24.0,
1390,2018-11-25,38.0,
1391,2018-11-26,24.0,
1392,2018-11-27,45.0,
1393,2018-11-28,40.0,
1394,2018-11-29,30.0,
1395,2018-11-30,40.0,
1396,2018-12-01,38.0,
1397,2018-12-02,45.0,
1398,2018-12-03,38.0,
1399,2018-12-04,48.0,
1400,2018-12-05,52.0,
1401,2018-12-06,51.0,
1402,2018-12-07,53.0,
1403,2018-12-08,65.0,
1404,2018-12-09,76.0,
1405,2018-12-10,65.0,
1406,2018-12-11,81.0,
1407,2018-12-12,66.0,
1408,2018-12-13,60.0,
1409,2018-12-14,90.0,
1410,2018-12-15,88.0,
1411,2018-12-16,79.0,
1412,2018-12-17,85.0,
1413,2018-12-18,114.0,
1414,2018-12-19,106.0,
1415,2018-12-20,110.0,
1416,2018-12-21,116.0,
1417,2018-12-22,112.0,
1418,2018-12-23,96.0,
1419,2018-12-24,95.0,
1420,2018-12-25,123.0,
1421,2018-12-26,137.0,
1422,2018-12-27,150.0,
1423,2018-12-28,152.0,
1424,2018-12-29,151.0,
1425,2018-12-30,127.0,
1426,2018-12-31,153.0,
1427,2019-01-01,120.0,
1428,2019-01-02,146.0,
1429,2019-01-03,146.0,
1430,2019-01-04,143.0,
1431,2019-01-05,174.0,
1432,2019-01-06,151.0,
1433,2019-01-07,161.0,
1434,2019-01-08,214.0,
1435,2019-01-09,187.0,
1436,2019-01-10,177.0,
1437,2019-01-11,232.0,
1438,2019-01-12,207.0,
1439,2019-01-13,202.0,
1440,2019-01-14,228.0,
1441,2019-01-15,234.0,
1442,2019-01-16,249.0,
1443,2019-01-17,230.0,
1444,2019-01-18,288.0,
1445,2019-01-19,274.0,
1446,2019-01-20,269.0,
1447,2019-01-21,264.0,
1448,2019-01-22,265.0,
1449,2019-01-23,262.0,
1450,2019-01-24,334.0,
1451,2019-01-25,288.0,
1452,2019-01-26,255.0,
1453,2019-01-27,310.0,
1454,2019-01-28,302.0,
1455,2019-01-29,343.0,
1456,2019-01-30,387.0,
1457,2019-01-31,351.0,
1458,2019-02-01,357.0,
1459,2019-02-02,394.0,
1460,2019-02-03,370.0,
1461,2019-02-04,379.0,
1462,2019-02-05,337.0,
1463,2019-02-06,373.0,
1464,2019-02-07,349.0,
1465,2019-02-08,388.0,
1466,2019-02-09,375.0,
1467,2019-02-10,367.0,
1468,2019-02-11,381.0,
1469,2019-02-12,385.0,
1470,2019-02-13,381.0,
1471,2019-02-14,365.0,
1472,2019-02-15,385.0,
1473,2019-02-16,395.0,
1474,2019-02-17,382.0,
1475,2019-02-18,396.0,
1476,2019-02-19,429.0,
1477,2019-02-20,405.0,
1478,2019-02-21,428.0,
1479,2019-02-22,426.0,
1480,2019-02-23,452.0,
1481,2019-02-24,434.0,
1482,2019-02-25,416.0,
1483,2019-02-26,409.0,
1484,2019-02-27,411.0,
1485,2019-02-28,409.0,
1486,2019-03-01,423.0,
1487,2019-03-02,478.0,
1488,2019-03-03,438.0,
1489,2019-03-04,446.0,
1490,2019-03-05,481.0,
1491,2019-03-06,449.0,
1492,2019-03-07,474.0,
1493,2019-03-08,446.0,
1494,2019-03-09,488.0,
1495,2019-03-10,499.0,
1496,2019-03-11,478.0,
1497,2019-03-12,548.0,
1498,2019-03-13,530.0,
1499,2019-03-14,483.0,
1500,2019-03-15,533.0,
1501,2019-03-16,521.0,
1502,2019-03-17,571.0,
1503,2019-03-18,462.0,
1504,2019-03-19,515.0,
1505,2019-03-20,552.0,
1506,2019-03-21,513.0,
1507,2019-03-22,612.0,
1508,2019-03-23,543.0,
1509,2019-03-24,599.0,
1510,2019-03-25,607.0,
1511,2019-03-26,580.0,
1512,2019-03-27,576.0,
1513,2019-03-28,561.0,
1514,2019-03-29,606.0,
1515,2019-03-30,628.0,
1516,2019-03-31,578.0,
1517,2019-04-01,582.0,
1518,2019-04-02,630.0,
1519,2019-04-03,574.0,
1520,2019-04-04,594.0,
1521,2019-04-05,572.0,
1522,2019-04-06,598.0,
1523,2019-04-07,590.0,
1524,2019-04-08,630.0,
1525,2019-04-09,640.0,
1526,2019-04-10,618.0,
1527,2019-04-11,585.0,
1528,2019-04-12,618.0,
1529,2019-04-13,579.0,
1530,2019-04-14,568.0,
1531,2019-04-15,590.0,
1532,2019-04-16,551.0,
1533,2019-04-17,630.0,
1534,2019-04-18,587.0,
1535,2019-04-19,569.0,
1536,2019-04-20,569.0,
1537,2019-04-21,596.0,
1538,2019-04-22,598.0,
1539,2019-04-23,614.0,
1540,2019-04-24,608.0,
1541,2019-04-25,572.0,
1542,2019-04-26,594.0,
1543,2019-04-27,587.0,
1544,2019-04-28,580.0,
1545,2019-04-29,645.0,
1546,2019-04-30,591.0,
1547,2019-05-01,578.0,
1548,2019-05-02,574.0,
1549,2019-05-03,571.0,
1550,2019-05-04,528.0,
1551,2019-05-05,544.0,
1552,2019-05-06,598.0,
1553,2019-05-07,552.0,
1554,2019-05-08,532.0,
1555,2019-05-09,538.0,
1556,2019-05-10,586.0,
1557,2019-05-11,549.0,
1558,2019-05-12,575.0,
1559,2019-05-13,572.0,
1560,2019-05-14,601.0,
1561,2019-05-15,611.0,
1562,2019-05-16,565.0,
1563,2019-05-17,566.0,
1564,2019-05-18,598.0,
1565,2019-05-19,569.0,
1566,2019-05-20,557.0,
1567,2019-05-21,511.0,
1568,2019-05-22,591.0,
1569,2019-05-23,522.0,
1570,2019-05-24,523.0,
1571,2019-05-25,555.0,
1572,2019-05-26,524.0,
1573,2019-05-27,571.0,
1574,2019-05-28,492.0,
1575,2019-05-29,557.0,
1576,2019-05-30,524.0,
1577,2019-05-31,579.0,
1578,2019-06-01,535.0,
1579,2019-06-02,515.0,
1580,2019-06-03,552.0,
1581,2019-06-04,571.0,
1582,2019-06-05,535.0,
1583,2019-06-06,529.0,
1584,2019-06-07,548.0,
1585,2019-06-08,562.0,
1586,2019-06-09,557.0,
1587,2019-06-10,536.0,
1588,2019-06-11,535.0,
1589,2019-06-12,545.0,
1590,2019-06-13,578.0,
1591,2019-06-14,506.0,
1592,2019-06-15,514.0,
1593,2019-06-16,506.0,
1594,2019-06-17,534.0,
1595,2019-06-18,575.0,
1596,2019-06-19,549.0,
1597,2019-06-20,516.0,
1598,2019-06-21,546.0,
1599,2019-06-22,537.0,
1600,2019-06-23,581.0,
1601,2019-06-24,574.0,
1602,2019-06-25,519.0,
1603,2019-06-26,535.0,
1604,2019-06-27,556.0,
1605,2019-06-28,578.0,
1606,2019-06-29,547.0,
1607,2019-06-30,569.0,
1608,2019-07-01,571.0,
1609,2019-07-02,532.0,
1610,2019-07-03,539.0,
1611,2019-07-04,516.0,
1612,2019-07-05,516.0,
1613,2019-07-06,504.0,
1614,2019-07-07,461.0,
1615,2019-07-08,498.0,
1616,2019-07-09,486.0,
1617,2019-07-10,476.0,
1618,2019-07-11,445.0,
1619,2019-07-12,416.0,
1620,2019-07-13,486.0,
1621,2019-07-14,412.0,
1622,2019-07-15,387.0,
1623,2019-07-16,406.0,
1624,2019-07-17,417.0,
1625,2019-07-18,378.0,
1626,2019-07-19,353.0,
1627,2019-07-20,370.0,
1628,2019-07-21,366.0,
1629,2019-07-22,367.0,
1630,2019-07-23,370.0,
1631,2019-07-24,332.0,
1632,2019-07-25,325.0,
1633,2019-07-26,324.0,
1634,2019-07-27,324.0,
1635,2019-07-28,314.0,
1636,2019-07-29,275.0,
1637,2019-07-30,274.0,
1638,2019-07-31,264.0,
1639,2019-08-01,273.0,
1640,2019-08-02,267.0,
1641,2019-08-03,255.0,
1642,2019-08-04,274.0,
1643,2019-08-05,230.0,
1644,2019-08-06,254.0,
1645,2019-08-07,234.0,
1646,2019-08-08,229.0,
1647,2019-08-09,214.0,
1648,2019-08-10,250.0,
1649,2019-08-11,215.0,
1650,2019-08-12,220.0,
1651,2019-08-13,210.0,
1652,2019-08-14,209.0,
1653,2019-08-15,194.0,
1654,2019-08-16,180.0,
1655,2019-08-17,210.0,
1656,2019-08-18,192.0,
1657,2019-08-19,166.0,
1658,2019-08-20,169.0,
1659,2019-08-21,158.0,
1660,2019-08-22,169.0,
1661,2019-08-23,172.0,
1662,2019-08-24,156.0,
1663,2019-08-25,161.0,
1664,2019-08-26,157.0,
1665,2019-08-27,134.0,
1666,2019-08-28,150.0,
1667,2019-08-29,125.0,
1668,2019-08-30,141.0,
1669,2019-08-31,146.0,
1670,2019-09-01,120.0,
1671,2019-09-02,136.0,
1672,2019-09-03,138.0,
1673,2019-09-04,118.0,
1674,2019-09-05,111.0,
1675,2019-09-06,112.0,
1676,2019-09-07,103.0,
1677,2019-09-08,103.0,
1678,2019-09-09,117.0,
1679,2019-09-10,99.0,
1680,2019-09-11,103.0,
1681,2019-09-12,86.0,
1682,2019-09-13,102.0,
1683,2019-09-14,87.0,
1684,2019-09-15,89.0,
1685,2019-09-16,78.0,
1686,2019-09-17,88.0,
1687,2019-09-18,80.0,
1688,2019-09-19,81.0,
1689,2019-09-20,78.0,
1690,2019-09-21,78.0,
1691,2019-09-22,78.0,
1692,2019-09-23,62.0,
1693,2019-09-24,61.0,
1694,2019-09-25,58.0,
1695,2019-09-26,51.0,
1696,2019-09-27,60.0,
1697,2019-09-28,44.0,
1698,2019-09-29,50.0,
1699,2019-09-30,45.0,
1700,2019-10-01,41.0,
1701,2019-10-02,41.0,
1702,2019-10-03,46.0,
1703,2019-10-04,32.0,
1704,2019-10-05,38.0,
1705,2019-10-06,44.0,
1706,2019-10-07,31.0,
1707,2019-10-08,27.0,
1708,2019-10-09,31.0,
1709,2019-10-10,23.0,
1710,2019-10-11,33.0,
1711,2019-10-12,19.0,
1712,2019-10-13,32.0,
1713,2019-10-14,27.0,
1714,2019-10-15,20.0,
1715,2019-10-16,23.0,
1716,2019-10-17,17.0,
1717,2019-10-18,18.0,
1718,2019-10-19,16.0,
1719,2019-10-20,14.0,
1720,2019-10-21,18.0,
1721,2019-10-22,18.0,
1722,2019-10-23,13.0,
1723,2019-10-24,14.0,
1724,2019-10-25,5.0,
1725,2019-10-26,5.0,
1726,2019-10-27,3.0,
1727,2019-10-28,6.0,
1728,2019-10-29,3.0,
1729,2019-10-30,1.0,
1730,2019-11-02,4.0,
1731,2019-11-04,3.0,
1732,2019-11-05,1.0,
1733,2019-11-06,7.0,
1734,2019-11-07,11.0,6.0
1735,2019-11-08,16.0,6.0
1736,2019-11-09,17.0,8.0
1737,2019-11-10,5.0,10.0
1738,2019-11-11,12.0,10.0
1739,2019-11-12,24.0,11.0
1740,2019-11-13,8.0,13.0
1741,2019-11-14,19.0,14.0
1742,2019-11-15,25.0,15.0
1743,2019-11-16,26.0,16.0
1744,2019-11-17,21.0,17.0
1745,2019-11-18,24.0,18.0
1746,2019-11-19,29.0,19.0
1747,2019-11-20,31.0,20.0
1748,2019-11-21,39.0,21.0
1749,2019-11-22,23.0,22.0
1750,2019-11-23,38.0,23.0
1751,2019-11-24,24.0,24.0
1752,2019-11-25,41.0,26.0
1753,2019-11-26,36.0,27.0
1754,2019-11-27,37.0,28.0
1755,2019-11-28,32.0,29.0
1756,2019-11-29,48.0,30.0
1757,2019-11-30,46.0,31.0
1758,2019-12-01,45.0,32.0
1759,2019-12-02,55.0,33.0
1760,2019-12-03,57.0,34.0
1761,2019-12-04,53.0,35.0
1762,2019-12-05,66.0,36.0
1763,2019-12-06,59.0,37.0
1764,2019-12-07,59.0,39.0
1765,2019-12-08,100.0,40.0
1766,2019-12-09,87.0,41.0
1767,2019-12-10,80.0,42.0
1768,2019-12-11,105.0,43.0
1769,2019-12-12,97.0,44.0
1770,2019-12-13,98.0,45.0
1771,2019-12-14,104.0,46.0
1772,2019-12-15,104.0,47.0
1773,2019-12-16,120.0,48.0
1774,2019-12-17,126.0,49.0
1775,2019-12-18,132.0,51.0
1776,2019-12-19,129.0,52.0
1777,2019-12-20,144.0,53.0
1778,2019-12-21,130.0,54.0
1779,2019-12-22,150.0,55.0
1780,2019-12-23,146.0,56.0
1781,2019-12-24,136.0,57.0
1782,2019-12-25,131.0,58.0
1783,2019-12-26,166.0,59.0
1784,2019-12-27,170.0,60.0
1785,2019-12-28,205.0,61.0
1786,2019-12-29,162.0,62.0
1787,2019-12-30,167.0,64.0
1788,2019-12-31,161.0,65.0
1789,2020-01-01,166.0,66.0
1790,2020-01-02,175.0,67.0
1791,2020-01-03,166.0,68.0
1792,2020-01-04,189.0,69.0
1793,2020-01-05,189.0,70.0
1794,2020-01-06,180.0,71.0
1795,2020-01-07,210.0,72.0
1796,2020-01-08,244.0,73.0
1797,2020-01-09,247.0,74.0
1798,2020-01-10,209.0,76.0
1799,2020-01-11,266.0,77.0
1800,2020-01-12,271.0,78.0
1801,2020-01-13,304.0,79.0
1802,2020-01-14,279.0,80.0
1803,2020-01-15,320.0,81.0
1804,2020-01-16,286.0,82.0
1805,2020-01-17,263.0,83.0
1806,2020-01-18,270.0,84.0
1807,2020-01-19,332.0,85.0
1808,2020-01-20,363.0,86.0
1809,2020-01-21,331.0,87.0
1810,2020-01-22,323.0,89.0
1811,2020-01-23,329.0,90.0
1812,2020-01-24,356.0,91.0
1813,2020-01-25,356.0,92.0
1814,2020-01-26,360.0,93.0
1815,2020-01-27,364.0,94.0
1816,2020-01-28,396.0,95.0
1817,2020-01-29,414.0,96.0
1818,2020-01-30,402.0,97.0
1819,2020-01-31,462.0,98.0
1820,2020-02-01,417.0,99.0
1821,2020-02-02,443.0,100.0
1822,2020-02-03,408.0,102.0
1823,2020-02-04,442.0,103.0
1824,2020-02-05,435.0,104.0
1825,2020-02-06,411.0,105.0
1826,2020-02-07,466.0,106.0
1827,2020-02-08,445.0,107.0
1828,2020-02-09,464.0,108.0
1829,2020-02-10,429.0,109.0
1830,2020-02-11,434.0,110.0
1831,2020-02-12,426.0,111.0
1832,2020-02-13,478.0,112.0
1833,2020-02-14,467.0,114.0
1834,2020-02-15,438.0,115.0
1835,2020-02-16,488.0,116.0
1836,2020-02-17,512.0,117.0
1837,2020-02-18,461.0,118.0
1838,2020-02-19,503.0,119.0
1839,2020-02-20,475.0,120.0
1840,2020-02-21,501.0,121.0
1841,2020-02-22,474.0,122.0
1842,2020-02-23,451.0,123.0
1843,2020-02-24,498.0,124.0
1844,2020-02-25,528.0,125.0
1845,2020-02-26,483.0,127.0
1846,2020-02-27,510.0,128.0
1847,2020-02-28,483.0,129.0
1848,2020-02-29,523.0,130.0
1849,2020-03-01,473.0,131.0
1850,2020-03-02,504.0,132.0
1851,2020-03-03,493.0,133.0
1852,2020-03-04,545.0,134.0
1853,2020-03-05,476.0,135.0
1854,2020-03-06,555.0,136.0
1855,2020-03-07,537.0,137.0
1856,2020-03-08,531.0,139.0
1857,2020-03-09,589.0,140.0
1858,2020-03-10,601.0,141.0
1859,2020-03-11,546.0,142.0
1860,2020-03-12,543.0,143.0
1861,2020-03-13,608.0,144.0
1862,2020-03-14,596.0,145.0
1863,2020-03-15,580.0,146.0
1864,2020-03-16,633.0,147.0
1865,2020-03-17,611.0,148.0
1866,2020-03-18,636.0,149.0
1867,2020-03-19,634.0,150.0
1868,2020-03-20,646.0,152.0
1869,2020-03-21,655.0,153.0
1870,2020-03-22,652.0,154.0
1871,2020-03-23,645.0,155.0
1872,2020-03-24,700.0,156.0
1873,2020-03-25,668.0,157.0
1874,2020-03-26,679.0,158.0
1875,2020-03-27,691.0,159.0
1876,2020-03-28,721.0,160.0
1877,2020-03-29,720.0,161.0
1878,2020-03-30,698.0,162.0
1879,2020-03-31,710.0,164.0
1880,2020-04-01,706.0,165.0
1881,2020-04-02,782.0,166.0
1882,2020-04-03,726.0,167.0
1883,2020-04-04,794.0,168.0
1884,2020-04-05,750.0,169.0
1885,2020-04-06,661.0,170.0
1886,2020-04-07,675.0,171.0
1887,2020-04-08,734.0,172.0
1888,2020-04-09,693.0,173.0
1889,2020-04-10,705.0,174.0
1890,2020-04-11,676.0,175.0
1891,2020-04-12,722.0,177.0
1892,2020-04-13,716.0,178.0
1893,2020-04-14,705.0,179.0
1894,2020-04-15,697.0,180.0
1895,2020-04-16,731.0,181.0
1896,2020-04-17,733.0,182.0
1897,2020-04-18,673.0,183.0
1898,2020-04-19,725.0,184.0
1899,2020-04-20,695.0,185.0
1900,2020-04-21,702.0,186.0
1901,2020-04-22,684.0,187.0
1902,2020-04-23,731.0,189.0
1903,2020-04-24,688.0,190.0
1904,2020-04-25,671.0,191.0
1905,2020-04-26,766.0,192.0
1906,2020-04-27,746.0,193.0
1907,2020-04-28,736.0,194.0
1908,2020-04-29,697.0,195.0
1909,2020-04-30,709.0,196.0
1910,2020-05-01,708.0,197.0
1911,2020-05-02,676.0,198.0
1912,2020-05-03,719.0,199.0
1913,2020-05-04,690.0,200.0
1914,2020-05-05,750.0,202.0
1915,2020-05-06,642.0,203.0
1916,2020-05-07,686.0,204.0
1917,2020-05-08,703.0,205.0
1918,2020-05-09,733.0,206.0
1919,2020-05-10,650.0,207.0
1920,2020-05-11,686.0,208.0
1921,2020-05-12,689.0,209.0
1922,2020-05-13,684.0,210.0
1923,2020-05-14,666.0,211.0
1924,2020-05-15,705.0,212.0
1925,2020-05-16,688.0,214.0
1926,2020-05-17,640.0,215.0
1927,2020-05-18,691.0,216.0
1928,2020-05-19,670.0,217.0
1929,2020-05-20,679.0,218.0
1930,2020-05-21,690.0,219.0
1931,2020-05-22,686.0,220.0
1932,2020-05-23,679.0,221.0
1933,2020-05-24,704.0,222.0
1934,2020-05-25,644.0,223.0
1935,2020-05-26,659.0,224.0
1936,2020-05-27,633.0,225.0
1937,2020-05-28,649.0,227.0
1938,2020-05-29,625.0,228.0
1939,2020-05-30,680.0,229.0
1940,2020-05-31,616.0,230.0
1941,2020-06-01,696.0,231.0
1942,2020-06-02,664.0,232.0
1943,2020-06-03,655.0,233.0
1944,2020-06-04,620.0,234.0
1945,2020-06-05,653.0,235.0
1946,2020-06-06,654.0,236.0
1947,2020-06-07,687.0,237.0
1948,2020-06-08,643.0,239.0
1949,2020-06-09,705.0,240.0
1950,2020-06-10,672.0,241.0
1951,2020-06-11,628.0,242.0
1952,2020-06-12,667.0,243.0
1953,2020-06-13,664.0,244.0
1954,2020-06-14,688.0,245.0
1955,2020-06-15,637.0,246.0
1956,2020-06-16,660.0,247.0
1957,2020-06-17,678.0,248.0
1958,2020-06-18,640.0,249.0
1959,2020-06-19,657.0,250.0
1960,2020-06-20,672.0,252.0
1961,2020-06-21,620.0,253.0
1962,2020-06-22,659.0,254.0
1963,2020-06-23,701.0,255.0
1964,2020-06-24,665.0,256.0
1965,2020-06-25,631.0,257.0
1966,2020-06-26,667.0,258.0
1967,2020-06-27,681.0,259.0
1968,2020-06-28,675.0,260.0
1969,2020-06-29,694.0,261.0
1970,2020-06-30,647.0,262.0
1971,2020-07-01,653.0,264.0
1972,2020-07-02,668.0,265.0
1973,2020-07-03,624.0,266.0
1974,2020-07-04,619.0,267.0
1975,2020-07-05,653.0,268.0
1976,2020-07-06,586.0,269.0
1977,2020-07-07,583.0,270.0
1978,2020-07-08,555.0,271.0
1979,2020-07-09,576.0,272.0
1980,2020-07-10,545.0,273.0
1981,2020-07-11,497.0,274.0
1982,2020-07-12,519.0,275.0
1983,2020-07-13,531.0,277.0
1984,2020-07-14,536.0,278.0
1985,2020-07-15,501.0,279.0
1986,2020-07-16,460.0,280.0
1987,2020-07-17,483.0,281.0
1988,2020-07-18,470.0,282.0
1989,2020-07-19,429.0,283.0
1990,2020-07-20,420.0,284.0
1991,2020-07-21,423.0,285.0
1992,2020-07-22,418.0,286.0
1993,2020-07-23,401.0,287.0
1994,2020-07-24,415.0,289.0
1995,2020-07-25,413.0,290.0
1996,2020-07-26,367.0,291.0
1997,2020-07-27,377.0,292.0
1998,2020-07-28,343.0,293.0
1999,2020-07-29,334.0,294.0
2000,2020-07-30,330.0,295.0
2001,2020-07-31,308.0,296.0
2002,2020-08-01,290.0,297.0
2003,2020-08-02,290.0,298.0
2004,2020-08-03,284.0,299.0
2005,2020-08-04,297.0,300.0
2006,2020-08-05,283.0,302.0
2007,2020-08-06,303.0,303.0
2008,2020-08-07,291.0,304.0
2009,2020-08-08,303.0,305.0
2010,2020-08-09,287.0,306.0
2011,2020-08-10,266.0,307.0
2012,2020-08-11,288.0,308.0
2013,2020-08-12,253.0,309.0
2014,2020-08-13,239.0,310.0
2015,2020-08-14,221.0,311.0
2016,2020-08-15,232.0,312.0
2017,2020-08-16,255.0,314.0
2018,2020-08-17,242.0,315.0
2019,2020-08-18,223.0,316.0
2020,2020-08-19,224.0,317.0
2021,2020-08-20,195.0,318.0
2022,2020-08-21,203.0,319.0
2023,2020-08-22,202.0,320.0
2024,2020-08-23,205.0,321.0
2025,2020-08-24,205.0,322.0
2026,2020-08-25,162.0,323.0
2027,2020-08-26,174.0,324.0
2028,2020-08-27,170.0,325.0
2029,2020-08-28,154.0,327.0
2030,2020-08-29,162.0,328.0
2031,2020-08-30,171.0,329.0
2032,2020-08-31,157.0,330.0
2033,2020-09-01,151.0,331.0
2034,2020-09-02,162.0,332.0
2035,2020-09-03,155.0,333.0
2036,2020-09-04,137.0,334.0
2037,2020-09-05,134.0,335.0
2038,2020-09-06,137.0,336.0
2039,2020-09-07,136.0,337.0
2040,2020-09-08,129.0,339.0
2041,2020-09-09,135.0,340.0
2042,2020-09-10,104.0,341.0
2043,2020-09-11,113.0,342.0
2044,2020-09-12,141.0,343.0
2045,2020-09-13,118.0,344.0
2046,2020-09-14,104.0,345.0
2047,2020-09-15,110.0,346.0
2048,2020-09-16,100.0,347.0
2049,2020-09-17,114.0,348.0
2050,2020-09-18,100.0,349.0
2051,2020-09-19,107.0,350.0
2052,2020-09-20,75.0,352.0
2053,2020-09-21,76.0,353.0
2054,2020-09-22,83.0,354.0
2055,2020-09-23,70.0,355.0
2056,2020-09-24,79.0,356.0
2057,2020-09-25,75.0,357.0
2058,2020-09-26,71.0,358.0
2059,2020-09-27,57.0,359.0
2060,2020-09-28,61.0,360.0
2061,2020-09-29,42.0,361.0
2062,2020-09-30,62.0,362.0
2063,2020-10-01,46.0,364.0
2064,2020-10-02,46.0,365.0
2065,2020-10-03,49.0,366.0
2066,2020-10-04,56.0,367.0
2067,2020-10-05,39.0,368.0
2068,2020-10-06,44.0,369.0
2069,2020-10-07,40.0,370.0
2070,2020-10-08,33.0,371.0
2071,2020-10-09,34.0,372.0
2072,2020-10-10,39.0,373.0
2073,2020-10-11,36.0,374.0
2074,2020-10-12,28.0,375.0
2075,2020-10-13,24.0,377.0
2076,2020-10-14,25.0,378.0
2077,2020-10-15,31.0,379.0
2078,2020-10-16,30.0,380.0
2079,2020-10-17,27.0,381.0
2080,2020-10-18,19.0,382.0
2081,2020-10-19,21.0,383.0
2082,2020-10-20,23.0,384.0
2083,2020-10-21,19.0,385.0
2084,2020-10-22,20.0,386.0
2085,2020-10-23,12.0,387.0
2086,2020-10-24,15.0,389.0
2087,2020-10-25,11.0,390.0
2088,2020-10-26,6.0,391.0
2089,2020-10-27,8.0,392.0
2090,2020-10-28,6.0,393.0
2091,2020-10-29,5.0,394.0
2092,2020-10-30,5.0,395.0
2093,2020-11-02,1.0,396.0
2094,2020-11-03,2.0,397.0
2095,2020-11-04,8.0,398.0
2096,2020-11-05,11.0,399.0
2097,2020-11-06,10.0,400.0
2098,2020-11-07,10.0,402.0
2099,2020-11-08,11.0,403.0
2100,2020-11-09,9.0,404.0
2101,2020-11-10,6.0,405.0
2102,2020-11-11,20.0,406.0
2103,2020-11-12,22.0,407.0
2104,2020-11-13,19.0,408.0
2105,2020-11-14,23.0,409.0
2106,2020-11-15,29.0,410.0
2107,2020-11-16,23.0,411.0
2108,2020-11-17,42.0,412.0
2109,2020-11-18,31.0,414.0
2110,2020-11-19,29.0,415.0
2111,2020-11-20,30.0,416.0
2112,2020-11-21,39.0,417.0
2113,2020-11-22,31.0,418.0
2114,2020-11-23,46.0,419.0
2115,2020-11-24,32.0,420.0
2116,2020-11-25,34.0,421.0
2117,2020-11-26,59.0,422.0
2118,2020-11-27,45.0,423.0
2119,2020-11-28,46.0,424.0
2120,2020-11-29,45.0,425.0
2121,2020-11-30,54.0,427.0
2122,2020-12-01,49.0,428.0
2123,2020-12-02,57.0,429.0
2124,2020-12-03,50.0,430.0
2125,2020-12-04,78.0,431.0
2126,2020-12-05,79.0,432.0
2127,2020-12-06,81.0,433.0
2128,2020-12-07,79.0,434.0
2129,2020-12-08,97.0,435.0
2130,2020-12-09,102.0,436.0
2131,2020-12-10,109.0,437.0
2132,2020-12-11,92.0,438.0
2133,2020-12-12,109.0,440.0
2134,2020-12-13,120.0,441.0
2135,2020-12-14,119.0,442.0
2136,2020-12-15,122.0,443.0
2137,2020-12-16,136.0,444.0
2138,2020-12-17,153.0,445.0
2139,2020-12-18,152.0,446.0
2140,2020-12-19,145.0,447.0
2141,2020-12-20,177.0,448.0
2142,2020-12-21,169.0,449.0
2143,2020-12-22,159.0,450.0
2144,2020-12-23,193.0,452.0
2145,2020-12-24,195.0,453.0
2146,2020-12-25,196.0,454.0
2147,2020-12-26,191.0,455.0
2148,2020-12-27,194.0,456.0
2149,2020-12-28,195.0,457.0
2150,2020-12-29,208.0,458.0
2151,2020-12-30,193.0,459.0
2152,2020-12-31,210.0,460.0
2153,2021-01-01,218.0,461.0
2154,2021-01-02,209.0,462.0
2155,2021-01-03,196.0,463.0
2156,2021-01-04,187.0,465.0
2157,2021-01-05,180.0,466.0
2158,2021-01-06,162.0,467.0
2159,2021-01-07,154.0,468.0
2160,2021-01-08,172.0,469.0
2161,2021-01-09,128.0,470.0
2162,2021-01-10,135.0,471.0
2163,2021-01-11,129.0,472.0
2164,2021-01-12,120.0,473.0
2165,2021-01-13,89.0,474.0
2166,2021-01-14,100.0,475.0
2167,2021-01-15,103.0,477.0
2168,2021-01-16,,478.0
2169,2021-01-17,,479.0
2170,2021-01-18,,480.0
2171,2021-01-19,,481.0
2172,2021-01-20,,482.0
2173,2021-01-21,,483.0
2174,2021-01-22,,484.0
2175,2021-01-23,,485.0
2176,2021-01-24,,486.0
2177,2021-01-25,,487.0
2178,2021-01-26,,488.0
2179,2021-01-27,,490.0
2180,2021-01-28,,491.0
2181,2021-01-29,,492.0
2182,2021-01-30,,493.0
2183,2021-01-31,,494.0
2184,2021-02-01,,495.0
2185,2021-02-02,,496.0
2186,2021-02-03,,497.0
2187,2021-02-04,,498.0
2188,2021-02-05,,499.0
2189,2021-02-06,,500.0
2190,2021-02-07,,502.0
2191,2021-02-08,,503.0
2192,2021-02-09,,504.0
2193,2021-02-10,,505.0
2194,2021-02-11,,506.0
2195,2021-02-12,,507.0
2196,2021-02-13,,508.0
2197,2021-02-14,,509.0
2198,2021-02-15,,510.0
2199,2021-02-16,,511.0
2200,2021-02-17,,512.0
2201,2021-02-18,,513.0
2202,2021-02-19,,515.0
2203,2021-02-20,,516.0
2204,2021-02-21,,517.0
2205,2021-02-22,,518.0
2206,2021-02-23,,519.0
2207,2021-02-24,,520.0
2208,2021-02-25,,521.0
2209,2021-02-26,,522.0
2210,2021-02-27,,523.0
2211,2021-02-28,,524.0
2212,2021-03-01,,525.0
2213,2021-03-02,,527.0
2214,2021-03-03,,528.0
2215,2021-03-04,,529.0
2216,2021-03-05,,530.0
2217,2021-03-06,,531.0
